"First Name","Last Name","Gender","College","Email","Team Name","Stage"
"Prakhar","Sharan","Male","SRM Institute of Science and Technology","prakharsharan27@gmail.com","CODE OF CODE","rsvp"
"Aryan","Jadon","Male","SRM Institute of Science and Technology","shivamsinghjadoun03102003@gmail.com","CODE OF CODE","rsvp"
"Viplav","Sharma","Male","SRM Institute of Science and Technology","sharmaviplav20@gmail.com","CODE OF CODE","rsvp"
"Shashwat","Mishra","Male","SRM Institute of Science and Technology","sm3612@srmist.edu.in","CODE OF CODE","rsvp"
"Vaibhav","Tomar","Male","University of Petroleum and Energy Studies","vaibhavtomar3003@gmail.com","402","rsvp"
"Aryan","Sharma","Male","Thapar University","aryanlps9@gmail.com","hellothere","rsvp"
"Anjali","Sharma","Female","N/A","ansi13703@gmail.com","Newbies","rsvp"
"Jaysheel","Bhatt","Male","N/A","jaysheel.sunil@gmail.com","Newbies","rsvp"
"Ansh","Mishra","Male","N/A","ansh.mishra.captaina@gmail.com","Newbies","rsvp"
"Manu Dev","Tyagi","Male","N/A","mtyagi2_be22@thapar.edu","SanskaariCoders","rsvp"
"Amit","Raj","Male","Chandigarh University","amitrj82701@gmail.com","Newbies","rsvp"
"Abhishek","Salaria","Male","N/A","abhisheksalaria26@gmail.com","Blackeye","rsvp"
"Anirudh","Kundu","Male","Thapar University","aanirudh_be21@thapar.edu","hellothere","rsvp"
"Bhomik","Jain","Male","Chandigarh University","jainbhomik@gmail.com","Newbies","rsvp"
"Nivedhitha","Prasad","Female","N/A","nivedhithaprasad09@gmail.com","Hecate Agers","rsvp"
"Ritansh","Bagal","Male","SRM Institute of Science and Technology","ritanshbagal@gmail.com","kingsmen","rsvp"
"Garima","Ahuja","Female","N/A","gahuja_be22@thapar.edu","Hacking Jacks","rsvp"
"Prince","Kanu","Male","N/A","pkanu_be22@thapar.edu","Prime","rsvp"
"Vidushi","Vashisht","Female","Thapar University","vvashisht1_be21@thapar.edu","Dhruv told us","rsvp"
"Akshit","Singh","Male","N/A","asingh8_be21@thapar.edu","Dhruv told us","rsvp"
"Kushal Sinh","Vaghela","Male","N/A","sinhkushal@gmail.com","Pentagons","rsvp"
"Mukul","Shukla","Male","Chandigarh University","mukulshukla2409@gmail.com","The Achievers","rsvp"
"srijan","sarthak","Male","N/A","sar.srijan@gmail.com","kingsmen","rsvp"
"Chanci","Malik","Female","N/A","chanci1245@chitkara.edu.in","codebycode","rsvp"
"Nitin","Gupta","Male","N/A","nitin1210@chitkara.edu.in","codebycode","rsvp"
"Aahlaad","Ishaan","Male","SRM University","kr.aireddy@gmail.com","kingsmen","rsvp"
"Saathvika","Jali","Female","N/A","saathvika.jali@gmail.com","UML","rsvp"
"Nikitha","D","Female","N/A","ddnikitha@gmail.com","UML","rsvp"
"Aaryan","Kalra","Male","N/A","aaryankalra20@outlook.com","zer0_day","rsvp"
"Naval","Sehgal","Male","N/A","navalsehgal20@gmail.com","codebycode","rsvp"
"mehak","gupta","Female","N/A","mehakgupta00921@gmail.com","codebycode","rsvp"
"Ujjwal","Rai","Male","N/A","ujjwalrai6666@gmail.com","Binary Beasts","rsvp"
"riddhiman","gupta","Male","N/A","rgupta4_be22@thapar.edu","TANcoders","rsvp"
"Utkarsh","Agarwal","Male","Thapar University","utkarshagarwal204@gmail.com","Hackult","rsvp"
"Akshat","Agrawal","Male","N/A","aagrawal1_be22@thapar.edu","Suicide squad","rsvp"
"Nishchay","Jindal","Male","Thapar University","nishchayjindal0124@gmail.com","Suicide squad","rsvp"
"GOVIND","MADHAV","Male","Hmr Institute of Technology and Management","govindmadhav2001@gmail.com","Dense Eclipse","rsvp"
"sahil","verma","Male","Chandigarh University","sah9538@gmail.com","Binary Beasts","rsvp"
"Ishaan","Mittal","Male","N/A","ishaan1578.be20@chitkara.edu.in","Bit by Bit","rsvp"
"Vivek","Surana","Male","Chandigarh University","viveksurana.021@gmail.com","The Achievers","rsvp"
"Rudra","Agrawal","Male","N/A","rudraagrawal2004@gmail.com","The boys","rsvp"
"Kshitij","Singla","Male","N/A","kshitijsingla0202@gmail.com","Suicide squad","rsvp"
"Tanvi Kaur","Sasan","Female","N/A","stanvikaur17@gmail.com","Pentagons","rsvp"
"akshat","pal","Male","Thapar University","akshat4703@gmail.com","Suicide squad","rsvp"
"Ananya","Gupta","Female","N/A","ananya0072.be20@chitkara.edu.in","Bit by Bit","rsvp"
"Apoorv","Bansal","Male","Chandigarh University","apoorvbansal955@gmail.com","The Achievers","rsvp"
"GURJOT SINGH","JASWAL","Male","ESSAR INTERNATIONAL SCHOOL","9205.gurjot@gmail.com","Pentagons","rsvp"
"Ritesh","Mahara","Male","SRM Institute of Science and Technology","riteshmahara77@gmail.com","N00BS","rsvp"
"Saurav","Kumar","Male","N/A","scaledserpentine@gmail.com","The boys","rsvp"
"Nitish","Agarwal","Male","Chandigarh University","agarwalnitish121@gmail.com","Pentagons","rsvp"
"raja","reddy","Male","N/A","raju9381860207@gmail.com","Binary Beasts","rsvp"
"Krish","Joshi","Male","Chandigarh University","krishjoshi791@gmail.com","The Achievers","rsvp"
"Abhishek","Verma","Male","N/A","abhigverma206@gmail.com","Bit by Bit","rsvp"
"Sujal","Paudel","Male","SRM University","sp0189@srmist.edu.in","N00BS","rsvp"
"Gurjot","Singh","Male","N/A","gsingh4_be22@thapar.edu","The boys","rsvp"
"Rahul","Bhattarai","Male","SRM Institute of Science and Technology","rahulbhattarai2001@gmail.com","N00BS","rsvp"
"Ashish","Rana","Male","N/A","ashishranaofficial33@gmail.com","Tate Brothers","rsvp"
"subham","singh","Male","N/A","ssingh8_be22@thapar.edu","The boys","rsvp"
"rishita","dixit","Female","N/A","rishitadixit02@gmail.com","SanskaariCoders","rsvp"
"Abhinav","Singh","Male","Chandigarh University","abhinav280601@gmail.com","Pentagons","rsvp"
"Agrim","Gupta","Male","N/A","agrimsparsh@gmail.com","The boys","rsvp"
"Aadya",".","Female","Thapar University","aadyapandhoh@gmail.com","SanskaariCoders","rsvp"
"Ananya","Sharma","Female","N/A","asharma26_be22@thapar.edu","Code Diggers","rsvp"
"Vanshika","Garg","Female","Chitkara University","gargv5924@gmail.com","Bit by Bit","rsvp"
"ADARSH","PANDEY","Male","Chandigarh University","adarshpandey262004@gmail.com","The Achievers","rsvp"
"Tabish","Naqvi","Male","Thapar University","tabish.naqvi2003@gmail.com","carlX","rsvp"
"Chirag","Garg","Male","N/A","gargchiragboss@gmail.com","carlX","rsvp"
"Keshav","Gupta","Male","N/A","kgupta1_be22@thapar.edu","carlX","rsvp"
"tarang","gupta","Female","Chandigarh University","21BCS7494@cuchd.in","Binary Beasts","rsvp"
"Satyam","Chaudhary","Male","SRM Institute of Science and Technology","satanddev.org@gmail.com","N00BS","rsvp"
"Muskan","Verma","Female","N/A","muskan22197@gmail.com","Toh main nachu","rsvp"
"Shourya","De","Male","Thapar University","shourya.de12@gmail.com","Moisture Bois","rsvp"
"Akshita","Chauhan","Female","N/A","aakshita_be22@thapar.edu","Code Diggers","rsvp"
"Aradhy","Sharma","Male","N/A","asharma3_be22@thapar.edu","carlX","rsvp"
"Khushi","Arora","Female","N/A","karora_be22@thapar.edu","Code Diggers","rsvp"
"Yatish","Garg","Male","N/A","ygarg1_be22@thapar.edu","Code Diggers","rsvp"
"Dhruv","Bhatt","Male","N/A","dbhatt2983spam@gmail.com","Hackult","rsvp"
"Nikunj","Nagpal","Male","Thapar University","nikunjnagpal2004@gmail.com","Hackult","rsvp"
"Ritvaj","Singh","Female","N/A","rsingh1_be22@thapar.edu","Avalanche","rsvp"
"Manan","Khanna","Male","Thapar University","oxymanan160@gmail.com","Hackult","rsvp"
"Sahil","Sharma","Male","N/A","vlsharma713@gmail.com","Bizarre Bots","rsvp"
"Kanav","Sobti","Male","N/A","kanavsobti@gmail.com","Avalanche","rsvp"
"Nikhil","Gupta","Male","Thapar University","nikhilgupta8235@gmail.com","Avalanche","rsvp"
"Harkirat","Singh","Male","N/A","hsingh_be21@thapar.edu","N/A","rsvp"
"SANCHIT","MEHTA","Male","N/A","smehta2_be22@thapar.edu","Avalanche","rsvp"
"Rochak","Ranjan","Male","Thapar University","rochakranjan1011@gmail.com","Moisture Bois","rsvp"
"Samay","Rathod","Male","Chandigarh University","samayrathod2@gmail.com","Bizarre Bots","rsvp"
"Bajarangi","Kumar Mishra","Male","N/A","bajarangimishra9@gmail.com","Hack5","rsvp"
"Saurav","Samantaray","Male","Thapar University","asksaurav2004@gmail.com","Code Hunters","rsvp"
"Shivam","Kumar","Male","Chandigarh University","21BCS2124@cuchd.in","InnovateX","rsvp"
"Chahat","Verma","Female","N/A","cverma_be22@thapar.edu","Code Diggers","rsvp"
"Prerna","Choudhary","Female","N/A","prernainspiration88@gmail.com","Bizarre Bots","rsvp"
"Rohan","Varshney","Male","Thapar University","rohanvarshneylko@gmail.com","ByteMe","rsvp"
"Yati","Dhanda","Male","N/A","yatidhanda@gmail.com","ByteMe","rsvp"
"Yuvraj","Pathania","Male","Chandigarh University","pathaniayuvraj186@gmail.com","Bizarre Bots","rsvp"
"Harshpreet","Singh","Male","Thapar University","harshpreetny@gmail.com","ByteMe","rsvp"
"Radhesh","Goel","Male","The University of Edinburgh","radhesh036916@gmail.com","0bytes","rsvp"
"Pulkit","Sanan","Male","Thapar University","pulkitsanan2@gmail.com","ByteMe","rsvp"
"Vijay SIngh","Kushwaha","Male","L.J. Institute of Engineering & Technology","vijaysinghkushwaha3737@gmail.com","N/A","rsvp"
"Hiya","Ghosh","Female","Manipal University Jaipur","hiyaghosh5603@gmail.com","Aqua","rsvp"
"Priyansh","Saxena","Male","Thapar University","priyanshsaxena787@gmail.com","0bytes","rsvp"
"Dev","Goyal","Male","Thapar University","anandrambkn@gmail.com","0bytes","rsvp"
"Sahil","Rohilla","Male","Thapar University","ssahil1_be20@thapar.edu","Byte Builders","rsvp"
"Armaan","Ahuja","Male","Thapar University","armaanahuja7777@gmail.com","0bytes","rsvp"
"Inayat","07","Female","Thapar University","iinayat_be20@thapar.edu","Byte Builders","rsvp"
"Ahmed","Kamruddin","Male","Thapar University","ahmedkamruddin1@pm.me","Byte Builders","rsvp"
"Devam","Gupta","Male","N/A","devamgupta88@gmail.com","TopG","rsvp"
"Stuti","Wadhwa","Female","N/A","swadhwa_be20@thapar.edu","Byte Builders","rsvp"
"Navtegh","Gill","Male","N/A","ngill_be20@thapar.edu","Byte Builders","rsvp"
"Liza","Garg","Female","Thapar University","lizagarg5@gmail.com","black hole","rsvp"
"Parth","Vashisht","Male","N/A","pvashisht_be21@thapar.edu","Dhruv told us","rsvp"
"Navraj","Kaur","Female","N/A","nkaur2_be22@thapar.edu","Binary Bandits","rsvp"
"Angad","Singh Marwaha","Male","N/A","amarwaha_be22@thapar.edu","Error404","rsvp"
"Jashandeep","Singh","Male","Thapar University","jsingh13_be22@thapar.edu","Binary Bandits","rsvp"
"Shikha","Wadhwa","Female","N/A","wdhwshikha@gmail.com","Xfactor","rsvp"
"Akash","Mishra","Male","Chandigarh University","Akashmi5746@gmail.com","Bizarre Bots","rsvp"
"Guramrit","Singh","Male","Thapar University","guramrit.singh8@gmail.com","Error404","rsvp"
"Maulik","Gupta","Male","Thapar University","guptamaulik16@gmail.com","hellothere","rsvp"
"Arunain","M","Male","N/A","aarunain_be20@thapar.edu","Xfactor","rsvp"
"Shaurya","Singh","Male","Thapar University","shauryasingh9873@gmail.com","Xfactor","rsvp"
"Ishman","Alagh","Male","Thapar University","ishmanalagh@gmail.com","Syntax Error","rsvp"
"Shriya","Malik","Female","Thapar University","shriyamalik10@gmail.com","N/A","rsvp"
"Sajeev","Yadav","Male","Eicher School,Faridabad","sajeev.yadav9@gmail.com","Moisture Bois","rsvp"
"Kinshuk","Bhatia","Female","N/A","kbhatia_be22@thapar.edu","Hugs for bugs","rsvp"
"Lovepreet","Singh","Male","N/A","lsingh1_be22@thapar.edu","Hugs for bugs","rsvp"
"Divanshu",".","Male","N/A","ddivanshu_be22@thapar.edu","Hugs for bugs","rsvp"
"Sushant","Kumar","Male","N/A","ssushant_be21@thapar.edu","CodeBreakers","rsvp"
"Sushant","Dahap","Male","N/A","sdahal_be22@thapar.edu","Anonymous","rsvp"
"Diptendu","Sarkar","Male","Indian Institute of Technology Kharagpur","diptendu2002@gmail.com","IDIOTS","rsvp"
"Jaikirat","Dev","Male","N/A","devjaikirat@gmail.com","zer0_day","rsvp"
"Kanwarjeet","Singh","Male","N/A","kanwarjeet0010@gmail.com","zer0_day","rsvp"
"Ishaan","Chigilli Palli","Male","N/A","se21uari051@mahindrauniversity.edu.in","UML","rsvp"
"Keshav",".","Male","N/A","kkeshav_be22@thapar.edu","zer0_day","rsvp"
"AYUSH","KUMAR SINGH","Male","Thapar University","asingh22_be21@thapar.edu","ByteMe","rsvp"
"Amrita","Sehgal","Female","KIET Group of institutions","amritasehgal0@gmail.com","Invincibles","rsvp"
"Nethra","Naveen","Female","N/A","nethra.naveen@gmail.com","UML","rsvp"
"Tanish","Mahajan","Male","Thapar University","tmahajan_be22@thapar.edu","UNDEFINED VARIABLES","rsvp"
"Shrey","Nagori","Male","SRM Institute of Science and Technology","sh3716@srmist.edu.in","BodyBuddy","rsvp"
"Prisha","Kwatra","Female","N/A","pkwatra_be20@thapar.edu","Hack1","rsvp"
"Devanshi","rana","Female","N/A","ddevanshi60_be20@thapar.edu","Code Smiths","rsvp"
"Samridhi","Mahajan","Female","N/A","samridhimahjn24@gmail.com","Not Found","rsvp"
"Pancham","Agarwal","Male","Birla Vidya Niketan, New Delhi","pancham1603@gmail.com","Pancham Bablucopter Agarwal","rsvp"
"Arsh","Kasid","Male","N/A","arshkasid046@gmail.com","Aqua","rsvp"
"Anant","Dev Pandey","Male","Chandigarh University","pandeyanant8055@gmail.com","codex","rsvp"
"Pauravi","Nimaiyar","Female","N/A","pnimaiyar_btech20@thapar.edu","Code Smiths","rsvp"
"Prateek","Sharma","Male","N/A","itsprateek078@gmail.com","codex","rsvp"
"Reyman","Dhaliwal","Female","N/A","rkaur1_btech20@thapar.edu","Code Smiths","rsvp"
"Aman Singh","Negi","Male","Chandigarh University","amann4204@gmail.com","codex","rsvp"
"Kunwar Vabhav","Mishra","Male","Chandigarh University","vabhavmishra62@gmail.com","codex","rsvp"
"Rupinder","Kaur","Female","N/A","rkaur_be20@thapar.edu","Code Smiths","rsvp"
"Jashanpreet","Singh","Male","Thapar University","Jashansingh3131@gmail.com","Error404","rsvp"
"Krish","Sinha","Male","N/A","Krishsinha03@gmail.com","InnovateX","rsvp"
"Gurkirat","Singh","Male","N/A","gsingh17_be20@thapar.edu","Code Smiths","rsvp"
"Rohit","Deepchandani","Male","N/A","rohitdeepchandani@gmail.com","Magic Coders","rsvp"
"Pushkar","Jain","Male","Thapar University","pushkar.jain2004@gmail.com","Prime","rsvp"
"Deepak","Kumar","Male","Chandigarh University","deepakkumar639721@gmail.com","codex","rsvp"
"Kirti","Kirti","Female","N/A","kkirti_phd21@thapar.edu","Toh main nachu","rsvp"
"Samay","Rathod","Male","Chandigarh University","samayrathod1@gmail.com","N/A","rsvp"
"Amogh","Agarwal","Male","N/A","aagarwal_me22@thapar.edu","SoloPlayer","rsvp"
"Gursamrath","Singh","Male","N/A","gkohli_be22@thapar.edu","Syntax Error","rsvp"
"Ananya","Sharma","Female","Thapar University","asharma31_be21@thapar.edu","HiThere","rsvp"
"Bulbul","Hooda","Female","N/A","bulbulhooda25@gmail.com","Toh main nachu","rsvp"
"Rajarshi","Biswas","Male","N/A","rbiswas_be22@thapar.edu","Not Found","rsvp"
"Pushan","Agrawal","Male","Thapar University","billionear.pushan@gmail.com","Anonymous","rsvp"
"Akshita","Srivastava","Female","N/A","srivastavakshita@yahoo.com","Not Found","rsvp"
"Saransh","Sinha","Male","SRM Institute of Science and Technology","saranshsinha084@gmail.com","TEAM_404_Rivals","rsvp"
"Pranav Dev","Khindria","Male","N/A","pranavdevkhindria@gmail.com","Not Found","rsvp"
"Simarjit Kaur","Khangura","Female","N/A","skhangura_be21@thapar.edu","Reboot Rebels","rsvp"
"Aditya","Sharma Vats","Male","Chandigarh University","21BCS1595@cuchd.in","InnovateX","rsvp"
"Aditya","Sharma","Male","Chandigarh University","adi62333@gmail.com","InnovateX","rsvp"
"Madhav","Mahajan","Male","Thapar University","madhavmahajan132sd@gmail.com","Yess_dady","rsvp"
"Ayush","Mishra","Male","N/A","ayushm6333@gmail.com","Tate Brothers","rsvp"
"Rachancheet singh","Kohli","Male","Thapar University","raxxsngh37@gmail.com","slimydudes","rsvp"
"Bilal","Ahmad","Male","Chandigarh University","bilalahmad0210@gmail.com","InnovateX","rsvp"
"Jay","Dhamija","Male","N/A","jdhamija_be22@thapar.edu","BRO CODE","rsvp"
"Jahnvi","Jahnvi","Female","N/A","jjahnvi_be21@thapar.edu","Codebusters","rsvp"
"Paramdeep Singh","Gill","Male","Thapar University","pgill_be21@thapar.edu","N/A","rsvp"
"Kushagra","Kansal","Male","N/A","kkansal_be22@thapar.edu","Syntax Error","rsvp"
"ARNAV","AGGARWAL","Male","SRM Institute of Science and Technology","ak0561@srmist.edu.in","BodyBuddy","rsvp"
"Sashikanta","Mohanty","Male","SRM Institute of Science and Technology","sashikantamohanty019@gmail.com","TEAM_404_Rivals","rsvp"
"Ayush","Garg","Male","SRM Institute of Science and Technology","ag3872@srmist.edu.in","TEAM_404_Rivals","rsvp"
"LAKSHYA","KISHNANI","Male","SRM Institute of Science and Technology","ld8563@srmist.edu.in","BodyBuddy","rsvp"
"Amish","Verma","Male","Jss Academy of Technical Education","amishhverma@gmail.com","HackSmiths","rsvp"
"Harsh","Aswani","Male","SRM Institute of Science and Technology","aswani002001@gmail.com","TEAM_404_Rivals","rsvp"
"Kanak","Shilledar","Male","SRM Institute of Science and Technology","ideatic_memory.cv0l1@aleeas.com","BodyBuddy","rsvp"
"Jasdeep","Singh","Male","N/A","jsingh11_be22@thapar.edu","Error404","rsvp"
"shreyya","saraf","Female","Thapar University","ssaraf_be21@thapar.edu","ETHOS","rsvp"
"Parag","Agrawal","Male","Ips Academy School of Computers Indore (MP)","paragagrawal477@gmail.com","N/A","rsvp"
"Ishani","Arya","Female","N/A","ishani21arya@gmail.com","Caffeine Overflow","rsvp"
"Khushi","Garg","Female","N/A","kgarg_bemba19@thapar.edu","Caffeine Overflow","rsvp"
"Yuvika","Sardana","Female","N/A","yuvikasardana@gmail.com","ART3MIS","rsvp"
"Abhishek","Pandey","Male","N/A","pabhishek35454@gmail.com","Oculus","rsvp"
"Utkarsh","Sharma","Male","K.R. Mangalam University","utkarshsharmaus03@gmail.com","Oculus","rsvp"
"Eshaan","Walia","Male","Thapar University","weshaan108@gmail.com","Yess_dady","rsvp"
"Subhojit","Mukhopadhyay","Male","K.R. Mangalam University","msubhojit776@gmail.com","Oculus","rsvp"
"Rhythm",".","Female","N/A","rrhythm_be21@thapar.edu","Codebusters","rsvp"
"Kamalpreet","Kaur","Female","N/A","kkaur_be21@thapar.edu","Codebusters","rsvp"
"Manaswini","Gupta","Female","N/A","mgupta_bemba19@thapar.edu","Caffeine Overflow","rsvp"
"Gautam","Mendiratta","Male","N/A","gmendiratta60_be19@thapar.edu","Caffeine Overflow","rsvp"
"Akhil","Sharma","Male","Thapar University","2004akhil26sharma@gmail.com","Code Hunters","rsvp"
"Rachit","Bhagat","Male","Thapar University","rbhagat_be21@thapar.edu","AryanToldUs","rsvp"
"Abhishek","Kumar","Male","Thapar University","twinbrain2311@gmail.com","Code Hunters","rsvp"
"Payal","Pandey","Female","N/A","payal.dpsind@gmail.com","UNDEFINED VARIABLES","rsvp"
"Garvit","Gulati","Male","Thapar University","ggulati_be22@thapar.edu","Celestial Biscuit","rsvp"
"Ankit","Jain","Male","Lovely Professional University","cosmicankit3848@gmail.com","32Bits","rsvp"
"Ansh","Johri","Male","K.R. Mangalam University","anshjohri09@gmail.com","Hack Elites","rsvp"
"Gurkaran","Gulati","Male","N/A","gurkarangulati04@gmail.com","BRO CODE","rsvp"
"Sachidanand","Pathak","Male","K.R. Mangalam University","sachin2842004@gmail.com","Hack Elites","rsvp"
"Omm","Rout","Male","K.R. Mangalam University","orout125406@gmail.com","Hack Elites","rsvp"
"arnav","chaudhary","Male","N/A","achaudhary_be22@thapar.edu","TopG","rsvp"
"Saanuj","Joshi","Male","N/A","sjoshi_be22@thapar.edu","TopG","rsvp"
"Rajat","Goyal","Male","N/A","rgoyal_btech22@thapar.edu","Not Found","rsvp"
"Swapnil","Chhibber","Male","N/A","schhibber_be22@thapar.edu","TopG","rsvp"
"Uday","Singh","Male","N/A","usingh_bemba19@thapar.edu","Caffeine Overflow","rsvp"
"Kabir Singh","Kamboj","Male","N/A","kabirchandan21@gmail.com","CS K VIDYARTHI","rsvp"
"Aditya","Shrivastava","Male","N/A","adeiffie2002@gmail.com","CS K VIDYARTHI","rsvp"
"Billy","Jasneel Singh","Male","K.R. Mangalam University","billyjasneelsingh@gmail.com","CS K VIDYARTHI","rsvp"
"Arshdeep","Aswal","Non Binary","N/A","arshdeepaswal@gmail.com","TIETians_26","rsvp"
"Ananya","Agarwal","Female","N/A","ananya9ag@gmail.com","Hackers Here","rsvp"
"Jaiman","Singh Guliani","Male","N/A","jsingh5_be22@thapar.edu","LaFerrari","rsvp"
"Garima","Singh","Female","N/A","gsingh2_be22@thapar.edu","LaFerrari","rsvp"
"Aruj","Bansal","Male","Ajay Kumar Garg Engineering College","bansalaruj77@gmail.com","Wabra","rsvp"
"Vishesh","Rawal","Male","Thapar University","vrawal_be22@thapar.edu","N/A","rsvp"
"Harshit","Arora","Male","Hmr Institute of Technology and Management","contactharshitarora@gmail.com","Dense Eclipse","rsvp"
"Saswat","Das","Male","K.R. Mangalam University","saswatdas1104@gmail.com","Hack Elites","rsvp"
"Armaan","25","Male","N/A","armaan33000@gmail.com","Solo","rsvp"
"Chandan","Yadav","Male","K.R. Mangalam University","chandan71320050@gmail.com","N/A","rsvp"
"AYUSHI","KANDPAL","Female","N/A","ayushikandpal438@gmail.com","Newone","rsvp"
"Aditya Raj Singh","Thakur","Male","Thapar University","athakur1_be21@thapar.edu","The B Team 2.0","rsvp"
"Shubham","Thakur","Male","Thapar University","sthakur3_be21@thapar.edu","The B Team 2.0","rsvp"
"Ishaan","Bahl","Male","N/A","ishaanbahl1717@gmail.com","Prime","rsvp"
"Moksh","Dhiman","Male","N/A","mdhiman_be22@thapar.edu","Prime","rsvp"
"Atharva","Pareek","Male","N/A","apareek_be22@thapar.edu","Prime","rsvp"
"Amisha","Prakash","Female","Thapar University","amishaprakash.ap@gmail.com","Bug Hunters","rsvp"
"Arnav","Gupta","Male","N/A","agupta7_be22@thapar.edu","Binary Bandits","rsvp"
"Akshat","Bhatnagar","Male","Thapar University","abhatnagar_be21@thapar.edu","The B Team 2.0","rsvp"
"Parth","Gupta","Male","N/A","parthgupt14@gmail.com","Guardians","rsvp"
"Ananya","Chawla","Female","Thapar University","ananyachawla04@gmail.com","The B Team 2.0","rsvp"
"Raghav","Jindal","Male","N/A","raghavjindal1709@gmail.com","Dark Phoenix","rsvp"
"Gautam","Dhawan","Male","N/A","ggautam_be22@thapar.edu","Guardians","rsvp"
"Shaurya D","Verma","Male","Thapar University","shaurya0707@gmail.com","professional amateurs","rsvp"
"Prakhar","Jain","Male","Thapar University","jprakhar067@gmail.com","SNOWMAN","rsvp"
"KABIR","GOYAL","Male","N/A","kgoyal2_be22@thapar.edu","Bug Hunters","rsvp"
"Sarthak","Gupta","Male","Thapar University","sarthak.29052005@gmail.com","Debug Thugs","rsvp"
"Parul","Tomar","Female","N/A","parultomar2795@gmail.com","Toh main nachu","rsvp"
"Navya","Ghildiyal","Female","N/A","nghildiyal_be21@thapar.edu","454.zip","rsvp"
"Shivansh","Yadav","Male","N/A","syadav_be22@thapar.edu","N/A","rsvp"
"Harshika","Vats","Female","Ymca University of Science and Tech (formerely Ymca Institute of Engineering)","harshika1406.vats@gmail.com","Invincibles","rsvp"
"Vishal","Vats","Male","Ymca University of Science and Tech (formerely Ymca Institute of Engineering)","allaboutclashing@gmail.com","Invincibles","rsvp"
"abhay","bansal","Male","N/A","abhaybansal19000@gmail.com","Debuggers","rsvp"
"Yashav","Aggarwal","Male","N/A","yashavaggarwal004@gmail.com","Overthinkers","rsvp"
"Yashvi",".","Female","N/A","yashvi200804@gmail.com","N/A","rsvp"
"Yash","Kukshal","Male","Thapar University","yashkukshal29@gmail.com","SNOWMAN","rsvp"
"SOURABH","SINGH","Male","N/A","sourabhaingh5@gmail.com","Debuggers","rsvp"
"Nikhil","Sagar","Male","N/A","nikhil18sagar@gmail.com","Debuggers","rsvp"
"Devansh","Chauhan","Male","N/A","devanshc833@gmail.com","Debuggers","rsvp"
"Skanda","Kumar H S","Male","KS Institute of Technology","skandakumar2003@gmail.com","Kryptonites","rsvp"
"Sindhu","Megha","Female","N/A","sindhumegha2003@gmail.com","Kryptonites","rsvp"
"Soujanya","Naidu","Female","N/A","soujanyanaidu28@gmail.com","Kryptonites","rsvp"
"Samarth","Minocha","Male","Thapar University","sminocha_be21@thapar.edu","NVrizz","rsvp"
"Ronit","Parakh","Male","N/A","rparakh_be22@thapar.edu","Magic Coders","rsvp"
"Akriti","Paudel","Female","N/A","akritixmail@gmail.com","Hack5","rsvp"
"Nikhil","Taneja","Male","Thapar University","ntaneja_be21@thapar.edu","Goal Diggers","rsvp"
"Rupali","Singla","Female","N/A","rrupali_be21@thapar.edu","Goal Diggers","rsvp"
"Bhavya","Verma","Female","Thapar University","vermabhavya312@gmail.com","Debug Thugs","rsvp"
"Siddharth","Aggarwal","Male","Thapar University","aggarwal.siddharth2003@gmail.com","UNDEFINED VARIABLES","rsvp"
"Diksha","Kadyan","Female","Thapar University","dkadyan_be21@thapar.edu","Goal Diggers","rsvp"
"Bhuvan","Verma","Male","Thapar University","bverma_be21@thapar.edu","Goal Diggers","rsvp"
"Anjan","Gupta","Male","N/A","agupta27_be22@thapar.edu","TANcoders","rsvp"
"Tanish","Modi","Male","N/A","tmodi_be22@thapar.edu","TANcoders","rsvp"
"reyan","singh","Male","N/A","rsingh11_be22@thapar.edu","zer0_day","rsvp"
"Irfan","Mohammed","Male","SRM Institute of Science and Technology","irfantuber1@gmail.com","Fancoder","rsvp"
"Arjun","Shekhar","Male","Thapar University","arjunshekhar9870@gmail.com","TopG","rsvp"
"Chiranjeev","Singh","Male","N/A","chiranjeev21012003@gmail.com","Simp-lee-city","rsvp"
"V","K","Male","N/A","vkewalramani_be22@thapar.edu","Magic Coders","rsvp"
"Preksha","Jain","Female","Thapar University","jain.preksha21@gmail.com","Error404","rsvp"
"Ankit","Sharma","Male","N/A","0504ankitsharma@gmail.com","Debug Thugs","rsvp"
"Jodhdeep","Singh","Male","N/A","jsingh14_be20@thapar.edu","Simp-lee-city","rsvp"
"sanya","mahajan","Female","Thapar University","smahajan1_be21@thapar.edu","NPC","rsvp"
"Prateek Kumar","Singh","Male","Dronacharya College of Engineering","pkrsingh025@gmail.com","CatttyWampus","rsvp"
"Ronak","Panchal","Male","Dronacharya College of Engineering","ronakpanchalk9@gmail.com","CatttyWampus","rsvp"
"Shubham","Saini","Male","N/A","shubham.saini.10137@gmail.com","CatttyWampus","rsvp"
"Manish Kumar","Singh","Male","Dronacharya College of Engineering","punekv12@gmail.com","CatttyWampus","rsvp"
"Harshul","Gangwar","Male","Thapar University","harshulgangwar441@gmail.com","TIETians_26","rsvp"
"Sahaj","Srivastava","Male","Thapar University","srivastavasahaj24@gmail.com","Simp-lee-city","rsvp"
"Anuvind","Walia","Male","N/A","awalia_be22@thapar.edu","UNDEFINED VARIABLES","rsvp"
"Sulaksh","Dahiya","Male","N/A","sdahiya60_be21@thapar.edu","ACE MASTERS","rsvp"
"Vinay","Kumar","Male","Thapar University","vvinay_be21@thapar.edu","ACE MASTERS","rsvp"
"Suryanshu","Anand","Male","Thapar University","suryanshu1407@gmail.com","professional amateurs","rsvp"
"Vansh","Sethi","Male","N/A","vsethi_be21@thapar.edu","Pirates of the Algorithm","rsvp"
"Pratyaksh","Aggarwal","Male","Thapar University","pratyaksh2002@gmail.com","Simp-lee-city","rsvp"
"Ayush","Nagpure","Male","N/A","anagpure_be20@thapar.edu","Simp-lee-city","rsvp"
"Akshit","Gupta","Male","N/A","akshitg572@gmail.com","Trash team","rsvp"
"Sarthak","Chandna","Male","Thapar University","sarthak.chandna23@gmail.com","E503","rsvp"
"devamsh","kondle","Male","Indian Institute of Technology Kharagpur","devamshkondlenetha@gmail.com","N/A","rsvp"
"Avish","Saini","Male","KIET Group of institutions","avishsaini2001@gmail.com","Reebooters","rsvp"
"Shiva","Agrahari","Male","KIET Group of institutions","shivashivank12345@gmail.com","Reebooters","rsvp"
"SURYA","RATHEE","Male","N/A","ratheesurya23@gmail.com","BRO CODE","rsvp"
"Kavya","Sikka","Female","Thapar University","kavyasikka1@gmail.com","SNOWMAN","rsvp"
"Manan","Sharma","Male","Thapar University","msharma3_be22@thapar.edu","Magic Coders","rsvp"
"Kalpit","Jain","Male","Jaipur Engineering College and Research Centre","kalpitjain1810@gmail.com","N/A","rsvp"
"Yavisht","Gupta","Male","Thapar University","yavisht@okruti.com","black hole","rsvp"
"Shatakshi","Saxena","Female","Thapar University","shatakshi3102@gmail.com","NVrizz","rsvp"
"Sarthak","Sachdeva","Male","SRM Institute of Science and Technology","sarthak.sachdeva.73@gmail.com","TEAM_404_Rivals","rsvp"
"Vaibhav","Tiwari","Male","Thapar University","vtiwari1_be21@thapar.edu","NVrizz","rsvp"
"Anushka","Kundu","Female","Sardar Vallabhbhai National Institute of Technology Surat","anu.kundu03@gmail.com","Rabri","rsvp"
"Maanya","Joshi","Female","N/A","mjoshi_be22@thapar.edu","Bug Hunters","rsvp"
"Giriraj","Dhyani","Male","N/A","girirajdhyani.codex@gmail.com","Code Wizards","rsvp"
"PRISHA","KANDHARI","Female","Thapar University","pkandhari24@gmail.com","UNDEFINED VARIABLES","rsvp"
"Akshita","Klair","Prefer not to say","N/A","akshitaklair21@gmail.com","Minion Coders","rsvp"
"Moksh","Mahajan","Male","N/A","mmahajan2_be22@thapar.edu","Debuggers","rsvp"
"Pavani","Malhotra","Female","N/A","pmalhotra1_be22@thapar.edu","Minion Coders","rsvp"
"Surleen","Kaur","Female","N/A","surleen2003@gmail.com","Minion Coders","rsvp"
"Aaditya","Thakur","Male","Thapar University","thakuraaditya1024@gmail.com","professional amateurs","rsvp"
"Atanu","Biswas","Male","N/A","atanubiswas5804@gmail.com","Gravity","rsvp"
"Anish","Agarwal","Male","RCC Institute of Information Technology","anishrockagarwal1024@gmail.com","Gravity","rsvp"
"Jigyasa",".","Female","N/A","jjigyasa_be22@thapar.edu","Rebooters","rsvp"
"Varun","Kuhar","Male","N/A","varunkuhar06@gmail.com","Sakht launde","rsvp"
"Girish","Gupta","Male","Thapar University","ggupta2_be20@thapar.edu","Baby got hack","rsvp"
"Somil","Kumar","Male","N/A","ksomil2562@gmail.com","Codoholics","rsvp"
"Pratyush","Sharma","Male","N/A","pratyushksk@gmail.com","Codoholics","rsvp"
"Harshit","Sharma","Male","N/A","hsharma2_be22@thapar.edu","Codoholics","rsvp"
"Dimpi","Jain","Female","Thapar University","dimpijain027@gmail.com","SNOWMAN","rsvp"
"Jahanvi","Srivastava","Female","Thapar University","jahanvisrivastava488@gmail.com","Bug Hunters","rsvp"
"Saanvi","Mangla","Female","Thapar University","saanvimangla@gmail.com","SNOWMAN","rsvp"
"Jayita","Lakhmani","Female","N/A","jlakhmani_be22@thapar.edu","Blowing Java","rsvp"
"Krishnanshu","Shoor","Male","N/A","kshoor_be21@thapar.edu","Pirates of the Algorithm","rsvp"
"Akshavya","Aggarwal","Male","Thapar University","aaggarwal1_be21@thapar.edu","Pirates of the Algorithm","rsvp"
"Archita","Shankar","Female","Thapar University","ashankar_be22@thapar.edu","N/A","rsvp"
"Aadarsha","Mahato","Male","Thapar University","aadarsha.mahato1@gmail.com","Hack5","rsvp"
"Hardik","Sharma","Male","Thapar University","hsharma3_be21@thapar.edu","Pirates of the Algorithm","rsvp"
"Sudeep","Bhagat","Male","N/A","sbhagat_be22@thapar.edu","Udaan","rsvp"
"Nishant","Sharma","Male","N/A","nsharma_be22@thapar.edu","TANcoders","rsvp"
"Siddhartha","Pradhan","Male","N/A","spradhan1_be22@thapar.edu","Hack5","rsvp"
"Nitesh","Yadav","Male","N/A","niyadav4123@gmail.com","Udaan","rsvp"
"Ashutosh","Swarnakar","Male","N/A","swarnakarashutosh06@gmail.com","Udaan","rsvp"
"Nirnaya","Ghimire","Male","N/A","nghimire_be22@thapar.edu","Udaan","rsvp"
"Manish","Joshi","Male","N/A","mjoshi2_be22@thapar.edu","Udaan","rsvp"
"Jotika","Jotika","Female","N/A","jjotika_be22@thapar.edu","Binary Bandits","rsvp"
"MONIKA","JOSHI","Female","N/A","mjoshi1_be22@thapar.edu","Hack5","rsvp"
"Geetesh","Gupta","Male","N/A","geeteshgupta08@gmail.com","Tate Brothers","rsvp"
"Indra Mohan","Khatri","Male","N/A","indramohankhatri@gmail.com","Code Hunters","rsvp"
"Shaurya","Aggarwal","Male","Thapar University","shaurya.aggarwal.23@gmail.com","Tate Brothers","rsvp"
"Arjun","Dhawan","Male","Thapar University","arjundhawan2002@gmail.com","bit.fy","rsvp"
"Tanisha","Singh","Female","N/A","tsingh_be22@thapar.edu","Celestial Biscuit","rsvp"
"Lovely","Bansal","Male","N/A","bansallovely179@gmail.com","Professional Airbreathers","rsvp"
"Arihant","Thakur","Male","N/A","arihantdemon16@gmail.com","Yess_dady","rsvp"
"Angad","Singh","Male","Thapar University","angad.smart005@gmail.com","404 : Team Name Not Found","rsvp"
"Maanas","Somani","Male","Thapar University","maanassomani@gmail.com","404 : Team Name Not Found","rsvp"
"Dhruv","Bansal","Male","N/A","dbansal_be22@thapar.edu","Overthinkers","rsvp"
"Navtej","Singh","Male","N/A","nsingh3_be22@thapar.edu","Overthinkers","rsvp"
"Ranak","Shah","Male","Thapar University","ranakshah0512@gmail.com","professional amateurs","rsvp"
"Mohit","Gupta","Male","N/A","mohitgtb.04@gmail.com","Code Wizards","rsvp"
"Shaurya","Bansal","Male","Thapar University","shauryabansal52002@gmail.com","Error 402","rsvp"
"Ansh","Srivastava","Male","Thapar University","asrivastava9_be21@thapar.edu","Lets rock","rsvp"
"Raghav","Khedar","Male","Thapar University","raghavkhedar3121@gmail.com","The Boys","rsvp"
"Gopal","Agarwal","Male","Thapar University","gopal.ag0224@gmail.com","professional amateurs","rsvp"
"Manas","Singhal","Male","Thapar University","manassinghal95@gmail.com","Error 402","rsvp"
"HARDIK","GARG","Male","N/A","hgarg_be22@thapar.edu","Rebooters","rsvp"
"Siddhant","Mathur","Male","N/A","03siddhantmathur@gmail.com","ART3MIS","rsvp"
"Krishnansh","Goswami","Male","N/A","krishnanshgoswami@gmail.com","404 : Team Name Not Found","rsvp"
"Pratham","Khandelwal","Male","Thapar University","prathamkhandelwal1320@gmail.com","404 : Team Name Not Found","rsvp"
"Tanya","Singh","Female","N/A","honeymini005@gmail.com","Minion Coders","rsvp"
"Tanvi","Singh","Female","N/A","minihoney005@gmail.com","Minion Coders","rsvp"
"Ojas",".","Male","Thapar University","crestfallenwizard@gmail.com","The Boys","rsvp"
"Vishal","Kaundal","Male","Thapar University","vvishal_be22@thapar.edu","The Boys","rsvp"
"Nandini","Singh","Female","N/A","nandinisingh.0306@gmail.com","Blowing Java","rsvp"
"Aditi","Sinha","Female","N/A","adisin0427@gmail.com","Blowing Java","rsvp"
"Jahnavi","Tiwari","Female","N/A","jtiwari_be22@thapar.edu","Blowing Java","rsvp"
"Nandini","Shekhar","Female","N/A","nandinishekhar01@gmail.com","Blowing Java","rsvp"
"DISHAV","SINGLA","Male","N/A","dsingla2_be22@thapar.edu","N/A","rsvp"
"Urvi","Garg","Female","N/A","urvigarg43@gmail.com","Dark Phoenix","rsvp"
"reyansh","gahlot","Male","N/A","rgahlot_be22@thapar.edu","Codoholics","rsvp"
"Apoorav","Kaushal","Male","N/A","kaushalapoorav@gmail.com","Guardians","rsvp"
"Abi","Nanthan","Male","Sona College of Technology","Abinanthan2204@gmail.com","The Boyz","rsvp"
"Kashika","Puorhit","Female","N/A","kpurohit_be21@thapar.edu","code-de-code","rsvp"
"Madhav","Gupta","Male","N/A","mgupta2_be22@thapar.edu","Rebooters","rsvp"
"Uday","Palecha","Male","Panipat Institute of Engineering and Technology","udaypalecha+devfolio@gmail.com","Caffeine Coders","rsvp"
"Lavanya","Jain","Female","N/A","lavanyajain82605@gmail.com","Sakht launde","rsvp"
"Arin","Goyal","Male","N/A","aringoyal008@gmail.com","Sakht launde","rsvp"
"Deependu","Jha","Male","Birla Institute of Technology Mesra","deependujha21@gmail.com","crypto_kid","rsvp"
"Vanika","Sahni","Female","N/A","vsahni_be22@thapar.edu","Rebooters","rsvp"
"Komal","Dua","Female","Thapar University","kdua_be21@thapar.edu","Ctrl B","rsvp"
"Rajkaran","Singh","Male","N/A","mindfulness04@gmail.com","Code Wizards","rsvp"
"Mukul","Chugh","Male","N/A","mukulchughofficial@gmail.com","N/A","rsvp"
"Prabhdeep","Cheema","Male","N/A","pcheema_be21@thapar.edu","Ctrl B","rsvp"
"Samriddh","Bhatla","Male","Thapar University","samriddhsam2623@gmail.com","Ctrl B","rsvp"
"Harleen","Kaur","Female","N/A","hdeora_be21@thapar.edu","Ctrl B","rsvp"
"Sirjan","Singh","Male","N/A","sirjansingh1@gmail.com","Ctrl B","rsvp"
"Akarsh","Srivastava","Male","Thapar University","akarsh91140@gmail.com","BRO CODE","rsvp"
"Parth","Kapoor","Male","Thapar University","parthkapoor.official@gmail.com","Code Wizards","rsvp"
"Rehan","Bansal","Male","N/A","bansalrehan731@gmail.com","Code Wizards","rsvp"
"Akshath","Kathel","Male","N/A","akathel_be21@thapar.edu","code-de-code","rsvp"
"Sarthak","Srivastava","Male","Thapar University","sarthaksri017@gmail.com","BRO CODE","rsvp"
"Tanya","Tomer","Female","N/A","ttomer_be21@thapar.edu","code-de-code","rsvp"
"Nutan",".","Female","N/A","nutanjain0009@gmail.com","Dark Phoenix","rsvp"
"Laghudeep","Singh","Male","N/A","laghudeepsingh.81203@gmail.com","ART3MIS","rsvp"
"Hiten","Samalia","Male","Panipat Institute of Engineering and Technology","hitensam78@gmail.com","Caffeine Coders","rsvp"
"Anerudh","Shyam","Male","Thapar University","anerudhs@gmail.com","Unilateral","rsvp"
"Gade Pavan","Satya Sai","Male","Pragati Engineering College","princepavan025@gmail.com","N/A","rsvp"
"Archit","Jain","Male","SRM Institute of Science and Technology","archit85941@gmail.com","qwerty","rsvp"
"Sourabh","Narwal","Male","N/A","snarwal_be22@thapar.edu","Sakht launde","rsvp"
"Anush","Kapoor","Male","Thapar University","akapoor1_be22@thapar.edu","Code Hunters","rsvp"
"Sehajdeep","Singh","Male","N/A","smultani_be21@thapar.edu","code-de-code","rsvp"
"Yashveer","Singh","Male","KIET Group of institutions","yashveer.2024cse1062@kiet.edu","Reebooters","rsvp"
"Uday","Mehtani","Male","Delhi Technological University","udaymehtani@gmail.com","N/A","rsvp"
"Aditya","Aggarwal","Male","Thapar University","aaggarwal2_be20@thapar.edu","Baby got hack","rsvp"
"Abhinav","Garg","Male","Apollo public school patiala","agarg2_be21@thapar.edu","ETHOS","rsvp"
"ONKAR","DHINGRA","Male","G.b. Pant Govt. Engineering College","onkardhingra99@gmail.com","Team OOPS","rsvp"
"Yashi","Jain","Female","N/A","yjain_be22@thapar.edu","Hugs for bugs","rsvp"
"Rachit","Sinha","Male","N/A","rsinha_be22@thapar.edu","405 Found","rsvp"
"Manav","Sidana","Male","Thapar University","msidana_be20@thapar.edu","Baby got hack","rsvp"
"Yash","Bhardwaj","Male","Chandigarh University","yashsharma123rrr@gmail.com","Dev.ify","rsvp"
"Ayesha","Sami","Female","Thapar University","ayeshasami000@gmail.com","Skyhook Dimension","rsvp"
"Shreya","Singh","Female","Thapar University","ssingh28_be21@thapar.edu","Skyhook Dimension","rsvp"
"Akash","Yadav","Male","Chandigarh University","aacyadav4440@gmail.com","Dev.ify","rsvp"
"Adarsh","Gupta","Male","Chandigarh University","adarshgupta1563@gmail.com","Dev.ify","rsvp"
"Pranjal","Kachhawaha","Male","Chandigarh University","mewarapranjal089@gmail.com","SoleCoder","rsvp"
"Priyanshu","Jha","Male","Chandigarh University","priyanshuj1097@gmail.com","Dev.ify","rsvp"
"Kirtika","Goyal","Female","Jss Academy of Technical Education","goyalkirtika.077@gmail.com","Excelsior","rsvp"
"Parth","Taggar","Male","N/A","parth12.mgg@gmail.com","The Boys","rsvp"
"Aayush","Singh","Male","N/A","aayush.singh@gmail.com","ART3MIS","rsvp"
"Devansh","Dhir","Male","N/A","dhir.devansh@outlook.com","Wonderkinds","rsvp"
"Amit","Katoch","Male","N/A","akatoch_be22@thapar.edu","Wonderkinds","rsvp"
"Ananay","Rampal","Male","N/A","ananayrampaliit@gmail.com","Wonderkinds","rsvp"
"Krishna","Mahajan","Male","N/A","krishnamahajan568@gmail.com","Wonderkinds","rsvp"
"Sanskar",".","Male","Thapar University","sanskarm37@gmail.com","PRO CODERS","rsvp"
"Samriddh","Negi","Male","Thapar University","samridh.negi007@gmail.com","404 : Team Name Not Found","rsvp"
"Shubhkarman","Singh","Male","Thapar University","shubhkarmansabharwal@gmail.com","Goal Diggers","rsvp"
"Aditya","Kumar Jha","Male","N/A","jhaaditya715@gmail.com","Professional Airbreathers","rsvp"
"Dhruv","Gupta","Male","N/A","dhruvgupta3377@gmail.com","Bits n Bytes","rsvp"
"Akash","Singh","Male","Dr. A.P.J. Abdul Kalam Technical University","akashgo.ac@gmail.com","N/A","rsvp"
"Aryan","Jain","Male","N/A","ajain10_be22@thapar.edu","Guardians","rsvp"
"Tanmay","Gupta","Male","Thapar University","gupta.tanmay01@gmail.com","PSSST","rsvp"
"Mansi","Joshi","Female","Indira Gandhi Delhi Technical University for Women","joshimansi32@gmail.com","TechieGirl","rsvp"
"Devashish",".","Male","Babasaheb Bhimrao Ambedkar University Vidya Vihar Rae Bareili Road Lucknow","devashizh@gmail.com","dxtndrk","rsvp"
"Akshat","Jain","Male","Thapar University","jainakshatkumar@gmail.com","Error 402","rsvp"
"Namay","Mahindru","Male","Thapar University","nmahindru_be21@thapar.edu","Error 402","rsvp"
"Moyukh","Biswas","Male","Thapar University","moyukhbiswas2505@gmail.com","Error 402","rsvp"
"Bhanavi","Goyal","Female","N/A","bgoyal1_be22@thapar.edu","Hacking Jacks","rsvp"
"Reetinder","Singh","Male","N/A","reetinderkundhal@gmail.com","slimydudes","rsvp"
"Zubair","Mohammed","Male","Thapar University","zubair.mh@protonmail.com","slimydudes","rsvp"
"Anisha","Bajaj","Female","N/A","anishabajaj13@gmail.com","mnm","rsvp"
"Harshith","SG","Male","Thapar University","harshithlegion@gmail.com","Binary Fetch","rsvp"
"Divyanshu","Mittal","Male","Thapar University","div.mittal04@gmail.com","Binary Bandits","rsvp"
"Hemang","Saini","Male","N/A","hsaini_be22@thapar.edu","SanskaariCoders","rsvp"
"Romit","Soni","Male","Thapar University","rsoni_be21@thapar.edu","Skyhook Dimension","rsvp"
"Priyanshu","Bist","Male","Thapar University","pbist_be22@thapar.edu","TIETians_26","rsvp"
"Tapasya",".","Female","N/A","ttapasya_be22@thapar.edu","Hugs for bugs","rsvp"
"Sarthak","Tiwari","Male","N/A","stiwari_be20@thapar.edu","PSSST","rsvp"
"Puranjay","Singh","Male","Thapar University","psingh12_be20@thapar.edu","PSSST","rsvp"
"Subhav","Batra","Male","Thapar University","subhavbatra3002@gmail.com","PSSST","rsvp"
"Sajal","Gangrade","Male","Thapar University","sgangrade_be20@thapar.edu","PSSST","rsvp"
"Yuvraj","Singh","Male","N/A","yssaini2004@gmail.com","Brawlers","rsvp"
"Lovish","Goyal","Male","N/A","lgoyal_be22@thapar.edu","Codex","rsvp"
"Mudit","Bidani","Male","N/A","mbidani_be22@thapar.edu","Rebooters","rsvp"
"Shaurya","Chichra","Male","N/A","shauryachichra.5@gmail.com","Bits n Bytes","rsvp"
"Pranjal",".","Female","N/A","ppranjal_be22@thapar.edu","Hacking Jacks","rsvp"
"Ishaan","Sharma","Male","Thapar University","isharma2_be21@thapar.edu","Zer0-P1ng","rsvp"
"Arvinder Singh","Kandola","Male","Thapar University","askandola2@gmail.com","US🫂","rsvp"
"Saloni Kumari","Bernwal","Female","Siksha 'O' Anusandhan","skbernwal1234@gmail.com","RS TECH","rsvp"
"ANIL","PENUBAKU","Male","N/A","penubakuanil333@gmail.com","TEAM DELIGHT","rsvp"
"Somagani","Hema Sri","Female","Velagapudi Ramakrishna Siddhartha Engineering College","hemasrisomagani1213@gmail.com","TEAM DELIGHT","rsvp"
"YARLAGADDA","SAI","Male","Velagapudi Ramakrishna Siddhartha Engineering College","yarlagaddasai06@gmail.com","TEAM DELIGHT","rsvp"
"lovish","garg","Male","N/A","lovishgarg33@gmail.com","Brawlers","rsvp"
"Aditya","Pandey","Male","N/A","apandey2_be22@thapar.edu","Syntax Error","rsvp"
"Anshul","Kanwar","Male","N/A","anshulkanwar1@gmail.com","bit.fy","rsvp"
"Hardik","Yadav","Male","N/A","hyadav1_be21@thapar.edu","Bits n Bytes","rsvp"
"Ishita","G.","Female","Thapar University","iishita_be22@thapar.edu","Celestial Biscuit","rsvp"
"Pranav","Garg","Male","N/A","pranavgarg838@gmail.com","Yess_dady","rsvp"
"Mayank","Aggarwal","Male","N/A","mayankdatabase04@gmail.com","CodeBreakers","rsvp"
"Aryan",".","Male","Thapar University","aaryan60_be21@thapar.edu","Zer0-P1ng","rsvp"
"Vishav","Singla","Male","N/A","vsingla4_be21@thapar.edu","CodeBreakers","rsvp"
"khushi","bansal","Female","N/A","kbansal2_be22@thapar.edu","Hacking Jacks","rsvp"
"Sachin Sushil","Singh","Male","N/A","ssingh27_be21@thapar.edu","Zer0-P1ng","rsvp"
"Agamjot","Singh","Male","N/A","agamjot1204@gmail.com","bit.fy","rsvp"
"adrija","sengupta","Female","Thapar University","adrija26sg@gmail.com","Anonymous","rsvp"
"Deepanshu","Goyal","Male","Thapar University","deepu16042004@gmail.com","KeenLearners","rsvp"
"Khushi","Arora","Female","Thapar University","kkhushi_be21@thapar.edu","Crazy coders","rsvp"
"Sankalp","Singh Thakur","Male","N/A","sthakur1_be21@thapar.edu","ACE MASTERS","rsvp"
"Anmol","Bahl","Male","N/A","abahl_be22@thapar.edu","Cyber Knights","rsvp"
"Ruchir","Khurana","Male","Thapar University","ruchir.khurana@gmail.com","Hackult","rsvp"
"Harsh","Dawar","Male","N/A","hdawar16@gmail.com","bit.fy","rsvp"
"Ojas","Sharma","Male","Thapar University","ojassharma1605@gmail.com","bit.fy","rsvp"
"Ananya","Jindal","Female","Thapar University","ajindal1145@gmail.com","HackElite","rsvp"
"Mrinali","Khanna","Female","Thapar University","mkhanna_be22@thapar.edu","TIETians_26","rsvp"
"Akhilesh","Bhardwaj","Male","Thapar University","akhilbhardwaj594@gmail.com","0bytes","rsvp"
"Devansh","Agarwal","Male","N/A","dagarwal2_be21@thapar.edu","Bits n Bytes","rsvp"
"Armeen","Luthra","Female","N/A","armeenluthra@gmail.com","405 Found","rsvp"
"Srusti Swarupa","Jyotee","Female","N/A","jyoteesrusti@gmail.com","The Coders","rsvp"
"Rishabh","Goyal","Male","Thapar University","rgoyal2_be21@thapar.edu","Zer0-P1ng","rsvp"
"Parag","Goyal","Male","Thapar University","goyalparag54@gmail.com","slimydudes","rsvp"
"Harshita","Garg","Female","N/A","harshitagarg807@gmail.com","405 Found","rsvp"
"Bhargavee","Mishra","Female","N/A","bhargaveemishra2002@gmail.com","The Coders","rsvp"
"SWETAPADMA","DASH","Female","N/A","swetapadmadash028@gmail.com","The Coders","rsvp"
"Soumya","Behura","Female","Siksha 'O' Anusandhan","soumyabehura448@gmail.com","RS TECH","rsvp"
"Tanmay","Jha","Male","Shree L.R. Tiwari College of Engineering","tanmayjha08@gmail.com","N/A","rsvp"
"Aditya","Misra","Male","N/A","amisra_be22@thapar.edu","Codoholics","rsvp"
"Hardik","Gupta","Male","Thapar University","hardikgupta2003@gmail.com","Skyhook Dimension","rsvp"
"Riya","Sachdeva","Female","Thapar University","riyasachdevaa04@gmail.com","black hole","rsvp"
"Vanshika","Mittal","Female","Thapar University","vanshikamittal2020@gmail.com","Access_Denied","rsvp"
"ROHIT","SAH","Male","Siksha 'O' Anusandhan","rohithas12031994@gmail.com","RS TECH","rsvp"
"saikumar","sirikonda","Male","Anurag Group of Institutions","saikumar.sirikonda282@gmail.com","BlockZ","rsvp"
"Prathamjyot","Singh","Male","N/A","jyotpratham@gmail.com","Brawlers","rsvp"
"Harsh","Jain","Male","Thapar University","hjain_be21@thapar.edu","CREO","rsvp"
"Tanmay","Mann","Male","N/A","tmann_be22@thapar.edu","Wonderkinds","rsvp"
"TANISH","BHATIA","Male","Thapar University","tbhatia0225@gmail.com","Bug Hunters","rsvp"
"Ansh","Bajaj","Male","Thapar University","anshbajaj07@gmail.com","NPC","rsvp"
"Aditya","Parmar","Male","Thapar University","aparmar_be21@thapar.edu","NPC","rsvp"
"Harsiddak","Bedi","Male","Thapar University","bediharsiddak@gmail.com","US🫂","rsvp"
"Pragun","Sharma","Male","N/A","psharma12_be22@thapar.edu","Cyber Knights","rsvp"
"Aryan","Dogra","Male","Thapar University","adogra_be21@thapar.edu","US🫂","rsvp"
"Vivaan","Taneja","Male","Thapar University","vivaantaneja21@gmail.com","NPC","rsvp"
"Akansha","Sharma","Female","N/A","akansha13102003@gmail.com","Learnets","rsvp"
"Anirudh","Garg","Male","N/A","agarg3_be22@thapar.edu","Cyber Knights","rsvp"
"Krishna","Vig","Male","N/A","kvig1_be22@thapar.edu","Cyber Knights","rsvp"
"Selina","Varshney","Female","Thapar University","selina.venice@gmail.com","Access_Denied","rsvp"
"Nikhil","Mittal","Male","N/A","nmittal1_be22@thapar.edu","Cyber Knights","rsvp"
"Garv","Chandalia","Male","Thapar University","gchandalia_be21@thapar.edu","NPC","rsvp"
"Ishita","Suchdeva","Female","N/A","isuchdeva_be21@thapar.edu","Access_Denied","rsvp"
"Akshit","Singla","Male","N/A","asingla_be22@thapar.edu","Overthinkers","rsvp"
"Daanish","Mittal","Male","Thapar University","daanishmittal24@gmail.com","Debug Thugs","rsvp"
"keshav","singla","Male","Thapar University","studytime3214@gmail.com","black hole","rsvp"
"Naman","Chaudhary","Male","N/A","nchaudhary_be21@thapar.edu","Skyhook Dimension","rsvp"
"Mankirat","Singh","Male","Thapar University","msingh2_be22@thapar.edu","Brawlers","rsvp"
"Shaurya","Bhardwaj","Male","N/A","sbhardwaj_be22@thapar.edu","Professional Airbreathers","rsvp"
